<?xml version="1.0" encoding="UTF-8"?>
<project-private xmlns="http://www.netbeans.org/ns/project-private/1">
    <editor-bookmarks xmlns="http://www.netbeans.org/ns/editor-bookmarks/2" lastBookmarkId="0"/>
    <open-files xmlns="http://www.netbeans.org/ns/projectui-open-files/2">
        <group>
            <file>file:/C:/xampp/htdocs/www/movies4u/.env</file>
            <file>file:/C:/xampp/htdocs/www/movies4u/src/TableGateways/CommentsGateway.php</file>
            <file>file:/C:/xampp/htdocs/www/movies4u/src/TableGateways/NewsGateway.php</file>
            <file>file:/C:/xampp/htdocs/www/movies4u/index.php</file>
            <file>file:/C:/xampp/htdocs/www/movies4u/api/index.php</file>
            <file>file:/C:/xampp/htdocs/www/movies4u/bootstrap.php</file>
            <file>file:/C:/xampp/htdocs/www/movies4u/src/TableGateways/MusicGateWay.php</file>
            <file>file:/C:/xampp/htdocs/www/movies4u/src/TableGateways/SongGateway.php</file>
            <file>file:/C:/xampp/htdocs/www/movies4u/src/Controller/MusicController.php</file>
            <file>file:/C:/xampp/htdocs/www/movies4u/src/Controller/NewsController.php</file>
            <file>file:/C:/xampp/htdocs/www/movies4u/src/Logic/MakeFile.php</file>
        </group>
    </open-files>
</project-private>
